PassengerId,Pclass,SibSp,Parch,HasCabin,CatAge,CatFare,Title_Mr,Title_Mrs,Title_Miss,Title_Master,Title_Unique,Embarked_Q,Embarked_S,Embarked_C
1,3,1,0,False,0,0,1,0,0,0,0,0,1,0
2,1,1,0,True,3,3,0,1,0,0,0,0,0,1
3,3,0,0,False,1,1,0,0,1,0,0,0,1,0
4,1,1,0,True,2,3,0,1,0,0,0,0,1,0
5,3,0,0,False,2,1,1,0,0,0,0,0,1,0
6,3,0,0,False,1,1,1,0,0,0,0,1,0,0
7,1,0,0,True,3,3,1,0,0,0,0,0,1,0
8,3,3,1,False,0,2,0,0,0,1,0,0,1,0
9,3,0,2,False,1,1,0,1,0,0,0,0,1,0
10,2,1,0,False,0,2,0,1,0,0,0,0,0,1
11,3,1,1,True,0,2,0,0,1,0,0,0,1,0
12,1,0,0,True,3,2,0,0,1,0,0,0,1,0
13,3,0,0,False,0,1,1,0,0,0,0,0,1,0
14,3,1,5,False,3,2,1,0,0,0,0,0,1,0
15,3,0,0,False,0,0,0,0,1,0,0,0,1,0
16,2,0,0,False,3,2,0,1,0,0,0,0,1,0
17,3,4,1,False,0,2,0,0,0,1,0,1,0,0
18,2,0,0,False,1,1,1,0,0,0,0,0,1,0
19,3,1,0,False,2,2,0,1,0,0,0,0,1,0
20,3,0,0,False,1,0,0,1,0,0,0,0,0,1
21,2,0,0,False,2,2,1,0,0,0,0,0,1,0
22,2,0,0,True,2,1,1,0,0,0,0,0,1,0
23,3,0,0,False,0,1,0,0,1,0,0,1,0,0
24,1,0,0,True,1,3,1,0,0,0,0,0,1,0
25,3,3,1,False,0,2,0,0,1,0,0,0,1,0
26,3,1,5,False,3,3,0,1,0,0,0,0,1,0
27,3,0,0,False,1,0,1,0,0,0,0,0,0,1
28,1,3,2,True,0,3,1,0,0,0,0,0,1,0
29,3,0,0,False,1,0,0,0,1,0,0,1,0,0
30,3,0,0,False,1,0,1,0,0,0,0,0,1,0
31,1,0,0,False,3,2,0,0,0,0,1,0,0,1
32,1,1,0,True,1,3,0,1,0,0,0,0,0,1
33,3,0,0,False,1,0,0,0,1,0,0,1,0,0
34,2,0,0,False,3,1,1,0,0,0,0,0,1,0
35,1,1,0,False,1,3,1,0,0,0,0,0,0,1
36,1,1,0,False,3,3,1,0,0,0,0,0,1,0
37,3,0,0,False,1,0,1,0,0,0,0,0,0,1
38,3,0,0,False,0,1,1,0,0,0,0,0,1,0
39,3,2,0,False,0,2,0,0,1,0,0,0,1,0
40,3,1,0,False,0,1,0,0,1,0,0,0,0,1
41,3,1,0,False,3,1,0,1,0,0,0,0,1,0
42,2,1,0,False,1,2,0,1,0,0,0,0,1,0
43,3,0,0,False,1,0,1,0,0,0,0,0,0,1
44,2,1,2,False,0,3,0,0,1,0,0,0,0,1
45,3,0,0,False,0,0,0,0,1,0,0,1,0,0
46,3,0,0,False,1,1,1,0,0,0,0,0,1,0
47,3,1,0,False,1,2,1,0,0,0,0,1,0,0
48,3,0,0,False,1,0,0,0,1,0,0,1,0,0
49,3,2,0,False,1,2,1,0,0,0,0,0,0,1
50,3,1,0,False,0,2,0,1,0,0,0,0,1,0
51,3,4,1,False,0,3,0,0,0,1,0,0,1,0
52,3,0,0,False,0,0,1,0,0,0,0,0,1,0
53,1,1,0,True,3,3,0,1,0,0,0,0,0,1
54,2,1,0,False,2,2,0,1,0,0,0,0,1,0
55,1,0,1,True,3,3,1,0,0,0,0,0,0,1
56,1,0,0,True,1,3,1,0,0,0,0,0,1,0
57,2,0,0,False,0,1,0,0,1,0,0,0,1,0
58,3,0,0,False,2,0,1,0,0,0,0,0,0,1
59,2,1,2,False,0,2,0,0,1,0,0,0,1,0
60,3,5,2,False,0,3,0,0,0,1,0,0,1,0
61,3,0,0,False,0,0,1,0,0,0,0,0,0,1
62,1,0,0,True,3,3,0,0,1,0,0,0,1,0
63,1,1,0,True,3,3,1,0,0,0,0,0,1,0
64,3,3,2,False,0,2,0,0,0,1,0,0,1,0
65,1,0,0,False,1,2,1,0,0,0,0,0,0,1
66,3,1,1,False,1,2,0,0,0,1,0,0,0,1
67,2,0,0,True,2,1,0,1,0,0,0,0,1,0
68,3,0,0,False,0,1,1,0,0,0,0,0,1,0
69,3,4,2,False,0,1,0,0,1,0,0,0,1,0
70,3,2,0,False,1,1,1,0,0,0,0,0,1,0
71,2,0,0,False,2,1,1,0,0,0,0,0,1,0
72,3,5,2,False,0,3,0,0,1,0,0,0,1,0
73,2,0,0,False,0,3,1,0,0,0,0,0,1,0
74,3,1,0,False,1,1,1,0,0,0,0,0,0,1
75,3,0,0,False,2,3,1,0,0,0,0,0,1,0
76,3,0,0,True,1,0,1,0,0,0,0,0,1,0
77,3,0,0,False,1,0,1,0,0,0,0,0,1,0
78,3,0,0,False,1,1,1,0,0,0,0,0,1,0
79,2,0,2,False,0,2,0,0,0,1,0,0,1,0
80,3,0,0,False,2,1,0,0,1,0,0,0,1,0
81,3,0,0,False,0,1,1,0,0,0,0,0,1,0
82,3,0,0,False,2,1,1,0,0,0,0,0,1,0
83,3,0,0,False,1,0,0,0,1,0,0,1,0,0
84,1,0,0,False,1,3,1,0,0,0,0,0,1,0
85,2,0,0,False,0,1,0,0,1,0,0,0,1,0
86,3,3,0,False,2,2,0,1,0,0,0,0,1,0
87,3,1,3,False,0,3,1,0,0,0,0,0,1,0
88,3,0,0,False,1,1,1,0,0,0,0,0,1,0
89,1,3,2,True,1,3,0,0,1,0,0,0,1,0
90,3,0,0,False,1,1,1,0,0,0,0,0,1,0
91,3,0,0,False,2,1,1,0,0,0,0,0,1,0
92,3,0,0,False,0,0,1,0,0,0,0,0,1,0
93,1,1,0,True,3,3,1,0,0,0,0,0,1,0
94,3,1,2,False,1,2,1,0,0,0,0,0,1,0
95,3,0,0,False,3,0,1,0,0,0,0,0,1,0
96,3,0,0,False,1,1,1,0,0,0,0,0,1,0
97,1,0,0,True,3,3,1,0,0,0,0,0,0,1
98,1,0,1,True,1,3,1,0,0,0,0,0,0,1
99,2,0,1,False,2,2,0,1,0,0,0,0,1,0
100,2,1,0,False,2,2,1,0,0,0,0,0,1,0
101,3,0,0,False,1,0,0,0,1,0,0,0,1,0
102,3,0,0,False,1,0,1,0,0,0,0,0,1,0
103,1,0,1,True,0,3,1,0,0,0,0,0,1,0
104,3,0,0,False,2,1,1,0,0,0,0,0,1,0
105,3,2,0,False,3,1,1,0,0,0,0,0,1,0
106,3,0,0,False,1,0,1,0,0,0,0,0,1,0
107,3,0,0,False,0,0,0,0,1,0,0,0,1,0
108,3,0,0,False,1,0,1,0,0,0,0,0,1,0
109,3,0,0,False,3,0,1,0,0,0,0,0,1,0
110,3,1,0,False,1,2,0,0,1,0,0,1,0,0
111,1,0,0,True,3,3,1,0,0,0,0,0,1,0
112,3,1,0,False,0,1,0,0,1,0,0,0,0,1
113,3,0,0,False,0,1,1,0,0,0,0,0,1,0
114,3,1,0,False,0,1,0,0,1,0,0,0,1,0
115,3,0,0,False,0,2,0,0,1,0,0,0,0,1
116,3,0,0,False,0,1,1,0,0,0,0,0,1,0
117,3,0,0,False,3,0,1,0,0,0,0,1,0,0
118,2,1,0,False,2,2,1,0,0,0,0,0,1,0
119,1,0,1,True,1,3,1,0,0,0,0,0,0,1
120,3,4,2,False,0,2,0,0,1,0,0,0,1,0
121,2,2,0,False,0,3,1,0,0,0,0,0,1,0
122,3,0,0,False,1,1,1,0,0,0,0,0,1,0
123,2,1,0,False,2,2,1,0,0,0,0,0,0,1
124,2,0,0,True,2,1,0,0,1,0,0,0,1,0
125,1,0,1,True,3,3,1,0,0,0,0,0,1,0
126,3,1,0,False,0,1,0,0,0,1,0,0,0,1
127,3,0,0,False,1,0,1,0,0,0,0,1,0,0
128,3,0,0,False,1,0,1,0,0,0,0,0,1,0
129,3,1,1,True,1,2,0,0,1,0,0,0,0,1
130,3,0,0,False,3,0,1,0,0,0,0,0,1,0
131,3,0,0,False,2,0,1,0,0,0,0,0,0,1
132,3,0,0,False,0,0,1,0,0,0,0,0,1,0
133,3,1,0,False,3,2,0,1,0,0,0,0,1,0
134,2,1,0,False,2,2,0,1,0,0,0,0,1,0
135,2,0,0,False,1,1,1,0,0,0,0,0,1,0
136,2,0,0,False,1,2,1,0,0,0,0,0,0,1
137,1,0,2,True,0,2,0,0,1,0,0,0,1,0
138,1,1,0,True,3,3,1,0,0,0,0,0,1,0
139,3,0,0,False,0,1,1,0,0,0,0,0,1,0
140,1,0,0,True,1,3,1,0,0,0,0,0,0,1
141,3,0,2,False,1,2,0,1,0,0,0,0,0,1
142,3,0,0,False,0,0,0,0,1,0,0,0,1,0
143,3,1,0,False,1,2,0,1,0,0,0,0,1,0
144,3,0,0,False,0,0,1,0,0,0,0,1,0,0
145,2,0,0,False,0,1,1,0,0,0,0,0,1,0
146,2,1,1,False,0,3,1,0,0,0,0,0,1,0
147,3,0,0,False,1,0,1,0,0,0,0,0,1,0
148,3,2,2,False,0,3,0,0,1,0,0,0,1,0
149,2,0,2,True,3,2,1,0,0,0,0,0,1,0
150,2,0,0,False,3,1,0,0,0,0,1,0,1,0
151,2,0,0,False,3,1,0,0,0,0,1,0,1,0
152,1,1,0,True,0,3,0,1,0,0,0,0,1,0
153,3,0,0,False,3,1,1,0,0,0,0,0,1,0
154,3,0,2,False,3,2,1,0,0,0,0,0,1,0
155,3,0,0,False,1,0,1,0,0,0,0,0,1,0
156,1,0,1,False,3,3,1,0,0,0,0,0,0,1
157,3,0,0,False,0,0,0,0,1,0,0,1,0,0
158,3,0,0,False,2,1,1,0,0,0,0,0,1,0
159,3,0,0,False,1,1,1,0,0,0,0,0,1,0
160,3,8,2,False,1,3,0,0,0,1,0,0,1,0
161,3,0,1,False,3,2,1,0,0,0,0,0,1,0
162,2,0,0,False,3,2,0,1,0,0,0,0,1,0
163,3,0,0,False,1,0,1,0,0,0,0,0,1,0
164,3,0,0,False,0,1,1,0,0,0,0,0,1,0
165,3,4,1,False,0,3,0,0,0,1,0,0,1,0
166,3,0,2,False,0,2,0,0,0,1,0,0,1,0
167,1,0,1,True,1,3,0,1,0,0,0,0,1,0
168,3,1,4,False,3,2,0,1,0,0,0,0,1,0
169,1,0,0,False,1,2,1,0,0,0,0,0,1,0
170,3,0,0,False,1,3,1,0,0,0,0,0,1,0
171,1,0,0,True,3,3,1,0,0,0,0,0,1,0
172,3,4,1,False,0,2,0,0,0,1,0,1,0,0
173,3,1,1,False,0,1,0,0,1,0,0,0,1,0
174,3,0,0,False,0,1,1,0,0,0,0,0,1,0
175,1,0,0,True,3,2,1,0,0,0,0,0,0,1
176,3,1,1,False,0,0,1,0,0,0,0,0,1,0
177,3,3,1,False,1,2,0,0,0,1,0,0,1,0
178,1,0,0,True,3,2,0,0,1,0,0,0,0,1
179,2,0,0,False,2,1,1,0,0,0,0,0,1,0
180,3,0,0,False,3,0,1,0,0,0,0,0,1,0
181,3,8,2,False,1,3,0,0,1,0,0,0,1,0
182,2,0,0,False,1,2,1,0,0,0,0,0,0,1
183,3,4,2,False,0,3,0,0,0,1,0,0,1,0
184,2,2,1,True,0,3,0,0,0,1,0,0,1,0
185,3,0,2,False,0,2,0,0,1,0,0,0,1,0
186,1,0,0,True,1,3,1,0,0,0,0,0,1,0
187,3,1,0,False,1,2,0,1,0,0,0,1,0,0
188,1,0,0,False,3,2,1,0,0,0,0,0,1,0
189,3,1,1,False,3,2,1,0,0,0,0,1,0,0
190,3,0,0,False,3,0,1,0,0,0,0,0,1,0
191,2,0,0,False,2,1,0,1,0,0,0,0,1,0
192,2,0,0,False,0,1,1,0,0,0,0,0,1,0
193,3,1,0,False,0,0,0,0,1,0,0,0,1,0
194,2,1,1,True,0,2,0,0,0,1,0,0,1,0
195,1,0,0,True,3,2,0,1,0,0,0,0,0,1
196,1,0,0,True,3,3,0,0,1,0,0,0,0,1
197,3,0,0,False,1,0,1,0,0,0,0,1,0,0
198,3,0,1,False,3,1,1,0,0,0,0,0,1,0
199,3,0,0,False,1,0,0,0,1,0,0,1,0,0
200,2,0,0,False,1,1,0,0,1,0,0,0,1,0
201,3,0,0,False,1,1,1,0,0,0,0,0,1,0
202,3,8,2,False,1,3,1,0,0,0,0,0,1,0
203,3,0,0,False,2,0,1,0,0,0,0,0,1,0
204,3,0,0,False,3,0,1,0,0,0,0,0,0,1
205,3,0,0,False,0,1,1,0,0,0,0,0,1,0
206,3,0,1,True,0,1,0,0,1,0,0,0,1,0
207,3,1,0,False,2,2,1,0,0,0,0,0,1,0
208,3,0,0,False,1,2,1,0,0,0,0,0,0,1
209,3,0,0,False,0,0,0,0,1,0,0,1,0,0
210,1,0,0,True,3,2,1,0,0,0,0,0,0,1
211,3,0,0,False,1,0,1,0,0,0,0,0,1,0
212,2,0,0,False,2,2,0,0,1,0,0,0,1,0
213,3,0,0,False,0,0,1,0,0,0,0,0,1,0
214,2,0,0,False,2,1,1,0,0,0,0,0,1,0
215,3,1,0,False,1,0,1,0,0,0,0,1,0,0
216,1,1,0,True,2,3,0,0,1,0,0,0,0,1
217,3,0,0,False,1,1,0,0,1,0,0,0,1,0
218,2,1,0,False,3,2,1,0,0,0,0,0,1,0
219,1,0,0,True,2,3,0,0,1,0,0,0,0,1
220,2,0,0,False,2,1,1,0,0,0,0,0,1,0
221,3,0,0,False,0,1,1,0,0,0,0,0,1,0
222,2,0,0,False,1,1,1,0,0,0,0,0,1,0
223,3,0,0,False,3,1,1,0,0,0,0,0,1,0
224,3,0,0,False,1,0,1,0,0,0,0,0,1,0
225,1,1,0,True,3,3,1,0,0,0,0,0,1,0
226,3,0,0,False,0,1,1,0,0,0,0,0,1,0
227,2,0,0,False,0,1,1,0,0,0,0,0,1,0
228,3,0,0,False,0,0,1,0,0,0,0,0,1,0
229,2,0,0,False,0,1,1,0,0,0,0,0,1,0
230,3,3,1,False,1,2,0,0,1,0,0,0,1,0
231,1,1,0,True,2,3,0,1,0,0,0,0,1,0
232,3,0,0,False,2,0,1,0,0,0,0,0,1,0
233,2,0,0,False,3,1,1,0,0,0,0,0,1,0
234,3,4,2,False,0,3,0,0,1,0,0,0,1,0
235,2,0,0,False,1,1,1,0,0,0,0,0,1,0
236,3,0,0,False,1,0,0,0,1,0,0,0,1,0
237,2,1,0,False,3,2,1,0,0,0,0,0,1,0
238,2,0,2,False,0,2,0,0,1,0,0,0,1,0
239,2,0,0,False,0,1,1,0,0,0,0,0,1,0
240,2,0,0,False,2,1,1,0,0,0,0,0,1,0
241,3,1,0,False,1,1,0,0,1,0,0,0,0,1
242,3,1,0,False,1,2,0,0,1,0,0,1,0,0
243,2,0,0,False,2,1,1,0,0,0,0,0,1,0
244,3,0,0,False,0,0,1,0,0,0,0,0,1,0
245,3,0,0,False,2,0,1,0,0,0,0,0,0,1
246,1,2,0,True,3,3,0,0,0,0,1,1,0,0
247,3,0,0,False,1,0,0,0,1,0,0,0,1,0
248,2,0,2,False,1,2,0,1,0,0,0,0,1,0
249,1,1,1,True,3,3,1,0,0,0,0,0,1,0
250,2,1,0,False,3,2,0,0,0,0,1,0,1,0
251,3,0,0,False,1,0,1,0,0,0,0,0,1,0
252,3,1,1,True,2,1,0,1,0,0,0,0,1,0
253,1,0,0,True,3,2,1,0,0,0,0,0,1,0
254,3,1,0,False,2,2,1,0,0,0,0,0,1,0
255,3,0,2,False,3,2,0,1,0,0,0,0,1,0
256,3,0,2,False,2,2,0,1,0,0,0,0,0,1
257,1,0,0,False,1,3,0,1,0,0,0,0,0,1
258,1,0,0,True,2,3,0,0,1,0,0,0,1,0
259,1,0,0,False,2,3,0,0,1,0,0,0,0,1
260,2,0,1,False,3,2,0,1,0,0,0,0,1,0
261,3,0,0,False,1,0,1,0,0,0,0,1,0,0
262,3,4,2,False,0,3,0,0,0,1,0,0,1,0
263,1,1,1,True,3,3,1,0,0,0,0,0,1,0
264,1,0,0,True,3,0,1,0,0,0,0,0,1,0
265,3,0,0,False,1,0,0,0,1,0,0,1,0,0
266,2,0,0,False,3,1,1,0,0,0,0,0,1,0
267,3,4,1,False,0,3,1,0,0,0,0,0,1,0
268,3,1,0,False,1,0,1,0,0,0,0,0,1,0
269,1,0,1,True,3,3,0,1,0,0,0,0,1,0
270,1,0,0,True,2,3,0,0,1,0,0,0,1,0
271,1,0,0,False,1,2,1,0,0,0,0,0,1,0
272,3,0,0,False,1,0,1,0,0,0,0,0,1,0
273,2,0,1,False,3,2,0,1,0,0,0,0,1,0
274,1,0,1,True,3,2,1,0,0,0,0,0,0,1
275,3,0,0,False,1,0,0,0,1,0,0,1,0,0
276,1,1,0,True,3,3,0,0,1,0,0,0,1,0
277,3,0,0,False,3,0,0,0,1,0,0,0,1,0
278,2,0,0,False,1,0,1,0,0,0,0,0,1,0
279,3,4,1,False,0,2,0,0,0,1,0,1,0,0
280,3,1,1,False,2,2,0,1,0,0,0,0,1,0
281,3,0,0,False,3,0,1,0,0,0,0,1,0,0
282,3,0,0,False,1,0,1,0,0,0,0,0,1,0
283,3,0,0,False,0,1,1,0,0,0,0,0,1,0
284,3,0,0,False,0,1,1,0,0,0,0,0,1,0
285,1,0,0,True,1,2,1,0,0,0,0,0,1,0
286,3,0,0,False,2,1,1,0,0,0,0,0,0,1
287,3,0,0,False,2,1,1,0,0,0,0,0,1,0
288,3,0,0,False,0,0,1,0,0,0,0,0,1,0
289,2,0,0,False,3,1,1,0,0,0,0,0,1,0
290,3,0,0,False,0,0,0,0,1,0,0,1,0,0
291,1,0,0,False,1,3,0,0,1,0,0,0,1,0
292,1,1,0,True,0,3,0,1,0,0,0,0,0,1
293,2,0,0,True,3,1,1,0,0,0,0,0,0,1
294,3,0,0,False,1,1,0,0,1,0,0,0,1,0
295,3,0,0,False,1,0,1,0,0,0,0,0,1,0
296,1,0,0,False,1,2,1,0,0,0,0,0,0,1
297,3,0,0,False,1,0,1,0,0,0,0,0,0,1
298,1,1,2,True,0,3,0,0,1,0,0,0,1,0
299,1,0,0,True,1,2,1,0,0,0,0,0,1,0
300,1,0,1,True,3,3,0,1,0,0,0,0,0,1
301,3,0,0,False,1,0,0,0,1,0,0,1,0,0
302,3,2,0,False,1,2,1,0,0,0,0,1,0,0
303,3,0,0,False,0,0,1,0,0,0,0,0,1,0
304,2,0,0,True,1,1,0,0,1,0,0,1,0,0
305,3,0,0,False,1,1,1,0,0,0,0,0,1,0
306,1,1,2,True,0,3,0,0,0,1,0,0,1,0
307,1,0,0,False,1,3,0,0,1,0,0,0,0,1
308,1,1,0,True,0,3,0,1,0,0,0,0,0,1
309,2,1,0,False,2,2,1,0,0,0,0,0,0,1
310,1,0,0,True,2,3,0,0,1,0,0,0,0,1
311,1,0,0,True,1,3,0,0,1,0,0,0,0,1
312,1,2,2,True,0,3,0,0,1,0,0,0,0,1
313,2,1,1,False,1,2,0,1,0,0,0,0,1,0
314,3,0,0,False,1,0,1,0,0,0,0,0,1,0
315,2,1,1,False,3,2,1,0,0,0,0,0,1,0
316,3,0,0,False,1,0,0,0,1,0,0,0,1,0
317,2,1,0,False,1,2,0,1,0,0,0,0,1,0
318,2,0,0,False,3,1,0,0,0,0,1,0,1,0
319,1,0,2,True,2,3,0,0,1,0,0,0,1,0
320,1,1,1,True,3,3,0,1,0,0,0,0,0,1
321,3,0,0,False,0,0,1,0,0,0,0,0,1,0
322,3,0,0,False,1,0,1,0,0,0,0,0,1,0
323,2,0,0,False,2,1,0,0,1,0,0,1,0,0
324,2,1,1,False,0,2,0,1,0,0,0,0,1,0
325,3,8,2,False,1,3,1,0,0,0,0,0,1,0
326,1,0,0,True,3,3,0,0,1,0,0,0,0,1
327,3,0,0,False,3,0,1,0,0,0,0,0,1,0
328,2,0,0,True,3,1,0,1,0,0,0,0,1,0
329,3,1,1,False,2,2,0,1,0,0,0,0,1,0
330,1,0,1,True,0,3,0,0,1,0,0,0,0,1
331,3,2,0,False,1,2,0,0,1,0,0,1,0,0
332,1,0,0,True,3,2,1,0,0,0,0,0,1,0
333,1,0,1,True,3,3,1,0,0,0,0,0,1,0
334,3,2,0,False,0,2,1,0,0,0,0,0,1,0
335,1,1,0,False,1,3,0,1,0,0,0,0,1,0
336,3,0,0,False,1,0,1,0,0,0,0,0,1,0
337,1,1,0,True,2,3,1,0,0,0,0,0,1,0
338,1,0,0,True,3,3,0,0,1,0,0,0,0,1
339,3,0,0,False,3,1,1,0,0,0,0,0,1,0
340,1,0,0,True,3,3,1,0,0,0,0,0,1,0
341,2,1,1,True,0,2,0,0,0,1,0,0,1,0
342,1,3,2,True,1,3,0,0,1,0,0,0,1,0
343,2,0,0,False,1,1,1,0,0,0,0,0,1,0
344,2,0,0,False,1,1,1,0,0,0,0,0,1,0
345,2,0,0,False,3,1,1,0,0,0,0,0,1,0
346,2,0,0,True,1,1,0,0,1,0,0,0,1,0
347,2,0,0,False,3,1,0,0,1,0,0,0,1,0
348,3,1,0,False,1,2,0,1,0,0,0,0,1,0
349,3,1,1,False,0,2,0,0,0,1,0,0,1,0
350,3,0,0,False,3,1,1,0,0,0,0,0,1,0
351,3,0,0,False,1,1,1,0,0,0,0,0,1,0
352,1,0,0,True,1,3,1,0,0,0,0,0,1,0
353,3,1,1,False,0,0,1,0,0,0,0,0,0,1
354,3,1,0,False,1,2,1,0,0,0,0,0,1,0
355,3,0,0,False,1,0,1,0,0,0,0,0,0,1
356,3,0,0,False,1,1,1,0,0,0,0,0,1,0
357,1,0,1,True,0,3,0,0,1,0,0,0,1,0
358,2,0,0,False,3,1,0,0,1,0,0,0,1,0
359,3,0,0,False,1,0,0,0,1,0,0,1,0,0
360,3,0,0,False,1,0,0,0,1,0,0,1,0,0
361,3,1,4,False,3,2,1,0,0,0,0,0,1,0
362,2,1,0,False,2,2,1,0,0,0,0,0,0,1
363,3,0,1,False,3,1,0,1,0,0,0,0,0,1
364,3,0,0,False,2,0,1,0,0,0,0,0,1,0
365,3,1,0,False,1,2,1,0,0,0,0,1,0,0
366,3,0,0,False,2,0,1,0,0,0,0,0,1,0
367,1,1,0,True,3,3,0,1,0,0,0,0,0,1
368,3,0,0,False,1,0,0,1,0,0,0,0,0,1
369,3,0,0,False,1,0,0,0,1,0,0,1,0,0
370,1,0,0,True,1,3,1,0,0,0,0,0,0,1
371,1,1,0,True,1,3,1,0,0,0,0,0,0,1
372,3,1,0,False,0,0,1,0,0,0,0,0,1,0
373,3,0,0,False,0,1,1,0,0,0,0,0,1,0
374,1,0,0,False,0,3,1,0,0,0,0,0,0,1
375,3,3,1,False,0,2,0,0,1,0,0,0,1,0
376,1,1,0,False,1,3,0,1,0,0,0,0,0,1
377,3,0,0,False,0,0,0,0,1,0,0,0,1,0
378,1,0,2,True,1,3,1,0,0,0,0,0,0,1
379,3,0,0,False,0,0,1,0,0,0,0,0,0,1
380,3,0,0,False,0,0,1,0,0,0,0,0,1,0
381,1,0,0,False,3,3,0,0,1,0,0,0,0,1
382,3,0,2,False,0,2,0,0,1,0,0,0,0,1
383,3,0,0,False,2,1,1,0,0,0,0,0,1,0
384,1,1,0,False,2,3,0,1,0,0,0,0,1,0
385,3,0,0,False,1,0,1,0,0,0,0,0,1,0
386,2,0,0,False,0,3,1,0,0,0,0,0,1,0
387,3,5,2,False,0,3,0,0,0,1,0,0,1,0
388,2,0,0,False,3,1,0,0,1,0,0,0,1,0
389,3,0,0,False,1,0,1,0,0,0,0,1,0,0
390,2,0,0,False,0,1,0,0,1,0,0,0,0,1
391,1,1,2,True,3,3,1,0,0,0,0,0,1,0
392,3,0,0,False,0,0,1,0,0,0,0,0,1,0
393,3,2,0,False,1,1,1,0,0,0,0,0,1,0
394,1,1,0,True,1,3,0,0,1,0,0,0,0,1
395,3,0,2,True,1,2,0,1,0,0,0,0,1,0
396,3,0,0,False,0,0,1,0,0,0,0,0,1,0
397,3,0,0,False,2,0,0,0,1,0,0,0,1,0
398,2,0,0,False,3,2,1,0,0,0,0,0,1,0
399,2,0,0,False,1,1,0,0,0,0,1,0,1,0
400,2,0,0,False,1,1,0,1,0,0,0,0,1,0
401,3,0,0,False,3,1,1,0,0,0,0,0,1,0
402,3,0,0,False,1,1,1,0,0,0,0,0,1,0
403,3,1,0,False,0,1,0,0,1,0,0,0,1,0
404,3,1,0,False,1,2,1,0,0,0,0,0,1,0
405,3,0,0,False,0,1,0,0,1,0,0,0,1,0
406,2,1,0,False,2,2,1,0,0,0,0,0,1,0
407,3,0,0,False,3,0,1,0,0,0,0,0,1,0
408,2,1,1,False,0,2,0,0,0,1,0,0,1,0
409,3,0,0,False,0,0,1,0,0,0,0,0,1,0
410,3,3,1,False,1,2,0,0,1,0,0,0,1,0
411,3,0,0,False,1,0,1,0,0,0,0,0,1,0
412,3,0,0,False,1,0,1,0,0,0,0,1,0,0
413,1,1,0,True,2,3,0,0,1,0,0,1,0,0
414,2,0,0,False,1,0,1,0,0,0,0,0,1,0
415,3,0,0,False,3,1,1,0,0,0,0,0,1,0
416,3,0,0,False,1,1,0,1,0,0,0,0,1,0
417,2,1,1,False,2,3,0,1,0,0,0,0,1,0
418,2,0,2,False,0,1,0,0,1,0,0,0,1,0
419,2,0,0,False,2,1,1,0,0,0,0,0,1,0
420,3,0,2,False,0,2,0,0,1,0,0,0,1,0
421,3,0,0,False,1,0,1,0,0,0,0,0,0,1
422,3,0,0,False,0,0,1,0,0,0,0,1,0,0
423,3,0,0,False,2,0,1,0,0,0,0,0,1,0
424,3,1,1,False,1,1,0,1,0,0,0,0,1,0
425,3,1,1,False,0,2,1,0,0,0,0,0,1,0
426,3,0,0,False,1,0,1,0,0,0,0,0,1,0
427,2,1,0,False,1,2,0,1,0,0,0,0,1,0
428,2,0,0,False,0,2,0,0,1,0,0,0,1,0
429,3,0,0,False,1,0,1,0,0,0,0,1,0,0
430,3,0,0,True,2,1,1,0,0,0,0,0,1,0
431,1,0,0,True,1,2,1,0,0,0,0,0,1,0
432,3,1,0,False,1,2,0,1,0,0,0,0,1,0
433,2,1,0,False,3,2,0,1,0,0,0,0,1,0
434,3,0,0,False,0,0,1,0,0,0,0,0,1,0
435,1,1,0,True,3,3,1,0,0,0,0,0,1,0
436,1,1,2,True,0,3,0,0,1,0,0,0,1,0
437,3,2,2,False,0,3,0,0,1,0,0,0,1,0
438,2,2,3,False,1,2,0,1,0,0,0,0,1,0
439,1,1,4,True,3,3,1,0,0,0,0,0,1,0
440,2,0,0,False,2,1,1,0,0,0,0,0,1,0
441,2,1,1,False,3,2,0,1,0,0,0,0,1,0
442,3,0,0,False,0,1,1,0,0,0,0,0,1,0
443,3,1,0,False,1,0,1,0,0,0,0,0,1,0
444,2,0,0,False,1,1,0,0,1,0,0,0,1,0
445,3,0,0,False,1,1,1,0,0,0,0,0,1,0
446,1,0,2,True,0,3,0,0,0,1,0,0,1,0
447,2,0,1,False,0,2,0,0,1,0,0,0,1,0
448,1,0,0,False,2,2,1,0,0,0,0,0,1,0
449,3,2,1,False,0,2,0,0,1,0,0,0,0,1
450,1,0,0,True,3,2,0,0,0,0,1,0,1,0
451,2,1,2,False,3,2,1,0,0,0,0,0,1,0
452,3,1,0,False,1,2,1,0,0,0,0,0,1,0
453,1,0,0,True,2,2,1,0,0,0,0,0,0,1
454,1,1,0,True,3,3,1,0,0,0,0,0,0,1
455,3,0,0,False,1,1,1,0,0,0,0,0,1,0
456,3,0,0,False,2,0,1,0,0,0,0,0,0,1
457,1,0,0,True,3,2,1,0,0,0,0,0,1,0
458,1,1,0,True,1,3,0,1,0,0,0,0,1,0
459,2,0,0,False,3,1,0,0,1,0,0,0,1,0
460,3,0,0,False,1,0,1,0,0,0,0,1,0,0
461,1,0,0,True,3,2,1,0,0,0,0,0,1,0
462,3,0,0,False,2,1,1,0,0,0,0,0,1,0
463,1,0,0,True,3,3,1,0,0,0,0,0,1,0
464,2,0,0,False,3,1,1,0,0,0,0,0,1,0
465,3,0,0,False,1,1,1,0,0,0,0,0,1,0
466,3,0,0,False,3,0,1,0,0,0,0,0,1,0
467,2,0,0,False,1,0,1,0,0,0,0,0,1,0
468,1,0,0,False,3,2,1,0,0,0,0,0,1,0
469,3,0,0,False,1,0,1,0,0,0,0,1,0,0
470,3,2,1,False,0,2,0,0,1,0,0,0,0,1
471,3,0,0,False,1,0,1,0,0,0,0,0,1,0
472,3,0,0,False,3,1,1,0,0,0,0,0,1,0
473,2,1,2,False,2,2,0,1,0,0,0,0,1,0
474,2,0,0,True,1,1,0,1,0,0,0,0,0,1
475,3,0,0,False,0,1,0,0,1,0,0,0,1,0
476,1,0,0,True,1,3,1,0,0,0,0,0,1,0
477,2,1,0,False,2,2,1,0,0,0,0,0,1,0
478,3,1,0,False,2,0,1,0,0,0,0,0,1,0
479,3,0,0,False,0,0,1,0,0,0,0,0,1,0
480,3,0,1,False,0,1,0,0,1,0,0,0,1,0
481,3,5,2,False,0,3,0,0,0,1,0,0,1,0
482,2,0,0,False,1,0,1,0,0,0,0,0,1,0
483,3,0,0,False,3,1,1,0,0,0,0,0,1,0
484,3,0,0,False,3,1,0,1,0,0,0,0,1,0
485,1,1,0,True,1,3,1,0,0,0,0,0,0,1
486,3,3,1,False,1,2,0,0,1,0,0,0,1,0
487,1,1,0,True,2,3,0,1,0,0,0,0,1,0
488,1,0,0,True,3,2,1,0,0,0,0,0,0,1
489,3,0,0,False,2,1,1,0,0,0,0,0,1,0
490,3,1,1,False,0,2,0,0,0,1,0,0,1,0
491,3,1,0,False,1,2,1,0,0,0,0,0,1,0
492,3,0,0,False,0,0,1,0,0,0,0,0,1,0
493,1,0,0,True,3,2,1,0,0,0,0,0,1,0
494,1,0,0,False,3,3,1,0,0,0,0,0,0,1
495,3,0,0,False,0,1,1,0,0,0,0,0,1,0
496,3,0,0,False,1,2,1,0,0,0,0,0,0,1
497,1,1,0,True,3,3,0,0,1,0,0,0,0,1
498,3,0,0,False,1,2,1,0,0,0,0,0,1,0
499,1,1,2,True,1,3,0,1,0,0,0,0,1,0
500,3,0,0,False,1,0,1,0,0,0,0,0,1,0
501,3,0,0,False,0,1,1,0,0,0,0,0,1,0
502,3,0,0,False,0,0,0,0,1,0,0,1,0,0
503,3,0,0,False,1,0,0,0,1,0,0,1,0,0
504,3,0,0,False,3,1,0,0,1,0,0,0,1,0
505,1,0,0,True,0,3,0,0,1,0,0,0,1,0
506,1,1,0,True,0,3,1,0,0,0,0,0,0,1
507,2,0,2,False,2,2,0,1,0,0,0,0,1,0
508,1,0,0,False,1,2,1,0,0,0,0,0,1,0
509,3,0,0,False,1,2,1,0,0,0,0,0,1,0
510,3,0,0,False,1,3,1,0,0,0,0,0,1,0
511,3,0,0,False,2,0,1,0,0,0,0,1,0,0
512,3,0,0,False,1,1,1,0,0,0,0,0,1,0
513,1,0,0,True,3,2,1,0,0,0,0,0,1,0
514,1,1,0,False,3,3,0,1,0,0,0,0,0,1
515,3,0,0,False,1,0,1,0,0,0,0,0,1,0
516,1,0,0,True,3,3,1,0,0,0,0,0,1,0
517,2,0,0,True,2,1,0,1,0,0,0,0,1,0
518,3,0,0,False,1,2,1,0,0,0,0,1,0,0
519,2,1,0,False,3,2,0,1,0,0,0,0,1,0
520,3,0,0,False,2,0,1,0,0,0,0,0,1,0
521,1,0,0,True,2,3,0,0,1,0,0,0,1,0
522,3,0,0,False,0,0,1,0,0,0,0,0,1,0
523,3,0,0,False,1,0,1,0,0,0,0,0,0,1
524,1,0,1,True,3,3,0,1,0,0,0,0,0,1
525,3,0,0,False,1,0,1,0,0,0,0,0,0,1
526,3,0,0,False,3,0,1,0,0,0,0,1,0,0
527,2,0,0,False,3,1,0,0,1,0,0,0,1,0
528,1,0,0,True,1,3,1,0,0,0,0,0,1,0
529,3,0,0,False,3,1,1,0,0,0,0,0,1,0
530,2,2,1,False,1,1,1,0,0,0,0,0,1,0
531,2,1,1,False,0,2,0,0,1,0,0,0,1,0
532,3,0,0,False,1,0,1,0,0,0,0,0,0,1
533,3,1,1,False,0,0,1,0,0,0,0,0,0,1
534,3,0,2,False,1,2,0,1,0,0,0,0,0,1
535,3,0,0,False,2,1,0,0,1,0,0,0,1,0
536,2,0,2,False,0,2,0,0,1,0,0,0,1,0
537,1,0,0,True,3,2,0,0,0,0,1,0,1,0
538,1,0,0,False,2,3,0,0,1,0,0,0,0,1
539,3,0,0,False,1,2,1,0,0,0,0,0,1,0
540,1,0,2,True,0,3,0,0,1,0,0,0,0,1
541,1,0,2,True,3,3,0,0,1,0,0,0,1,0
542,3,4,2,False,0,2,0,0,1,0,0,0,1,0
543,3,4,2,False,0,2,0,0,1,0,0,0,1,0
544,2,1,0,False,2,2,1,0,0,0,0,0,1,0
545,1,1,0,True,3,3,1,0,0,0,0,0,0,1
546,1,0,0,False,3,2,1,0,0,0,0,0,1,0
547,2,1,0,False,0,2,0,1,0,0,0,0,1,0
548,2,0,0,False,1,1,1,0,0,0,0,0,0,1
549,3,1,1,False,2,2,1,0,0,0,0,0,1,0
550,2,1,1,False,0,3,0,0,0,1,0,0,1,0
551,1,0,2,True,0,3,1,0,0,0,0,0,0,1
552,2,0,0,False,1,2,1,0,0,0,0,0,1,0
553,3,0,0,False,1,0,1,0,0,0,0,1,0,0
554,3,0,0,False,0,0,1,0,0,0,0,0,0,1
555,3,0,0,False,0,0,0,0,1,0,0,0,1,0
556,1,0,0,False,3,2,1,0,0,0,0,0,1,0
557,1,1,0,True,3,3,0,0,0,0,1,0,0,1
558,1,0,0,False,1,3,1,0,0,0,0,0,0,1
559,1,1,1,True,3,3,0,1,0,0,0,0,1,0
560,3,1,0,False,3,2,0,1,0,0,0,0,1,0
561,3,0,0,False,1,0,1,0,0,0,0,1,0,0
562,3,0,0,False,3,0,1,0,0,0,0,0,1,0
563,2,0,0,False,1,1,1,0,0,0,0,0,1,0
564,3,0,0,False,1,1,1,0,0,0,0,0,1,0
565,3,0,0,False,1,1,0,0,1,0,0,0,1,0
566,3,2,0,False,1,2,1,0,0,0,0,0,1,0
567,3,0,0,False,0,0,1,0,0,0,0,0,1,0
568,3,0,4,False,2,2,0,1,0,0,0,0,1,0
569,3,0,0,False,1,0,1,0,0,0,0,0,0,1
570,3,0,0,False,2,0,1,0,0,0,0,0,1,0
571,2,0,0,False,3,1,1,0,0,0,0,0,1,0
572,1,2,0,True,3,3,0,1,0,0,0,0,1,0
573,1,0,0,True,3,2,1,0,0,0,0,0,1,0
574,3,0,0,False,1,0,0,0,1,0,0,1,0,0
575,3,0,0,False,0,1,1,0,0,0,0,0,1,0
576,3,0,0,False,0,2,1,0,0,0,0,0,1,0
577,2,0,0,False,2,1,0,0,1,0,0,0,1,0
578,1,1,0,True,3,3,0,1,0,0,0,0,1,0
579,3,1,0,False,1,2,0,1,0,0,0,0,0,1
580,3,0,0,False,2,1,1,0,0,0,0,0,1,0
581,2,1,1,False,1,2,0,0,1,0,0,0,1,0
582,1,1,1,True,3,3,0,1,0,0,0,0,0,1
583,2,0,0,False,3,2,1,0,0,0,0,0,1,0
584,1,0,0,True,3,3,1,0,0,0,0,0,0,1
585,3,0,0,False,1,1,1,0,0,0,0,0,0,1
586,1,0,2,True,0,3,0,0,1,0,0,0,1,0
587,2,0,0,False,3,2,1,0,0,0,0,0,1,0
588,1,1,1,True,3,3,1,0,0,0,0,0,0,1
589,3,0,0,False,0,1,1,0,0,0,0,0,1,0
590,3,0,0,False,1,1,1,0,0,0,0,0,1,0
591,3,0,0,False,2,0,1,0,0,0,0,0,1,0
592,1,1,0,True,3,3,0,1,0,0,0,0,0,1
593,3,0,0,False,3,0,1,0,0,0,0,0,1,0
594,3,0,2,False,1,0,0,0,1,0,0,1,0,0
595,2,1,0,False,3,2,1,0,0,0,0,0,1,0
596,3,1,1,False,3,2,1,0,0,0,0,0,1,0
597,2,0,0,False,1,3,0,0,1,0,0,0,1,0
598,3,0,0,False,3,0,1,0,0,0,0,0,1,0
599,3,0,0,False,1,0,1,0,0,0,0,0,0,1
600,1,1,0,True,3,3,0,0,0,0,1,0,0,1
601,2,2,1,False,1,2,0,1,0,0,0,0,1,0
602,3,0,0,False,1,0,1,0,0,0,0,0,1,0
603,1,0,0,False,1,3,1,0,0,0,0,0,1,0
604,3,0,0,False,3,1,1,0,0,0,0,0,1,0
605,1,0,0,False,2,2,1,0,0,0,0,0,0,1
606,3,1,0,False,3,2,1,0,0,0,0,0,1,0
607,3,0,0,False,2,0,1,0,0,0,0,0,1,0
608,1,0,0,False,1,2,1,0,0,0,0,0,1,0
609,2,1,2,False,0,3,0,1,0,0,0,0,0,1
610,1,0,0,True,3,3,0,0,1,0,0,0,1,0
611,3,1,5,False,3,2,0,1,0,0,0,0,1,0
612,3,0,0,False,1,0,1,0,0,0,0,0,1,0
613,3,1,0,False,1,2,0,0,1,0,0,1,0,0
614,3,0,0,False,1,0,1,0,0,0,0,1,0,0
615,3,0,0,False,2,1,1,0,0,0,0,0,1,0
616,2,1,2,False,1,3,0,0,1,0,0,0,1,0
617,3,1,1,False,2,1,1,0,0,0,0,0,1,0
618,3,1,0,False,1,2,0,1,0,0,0,0,1,0
619,2,2,1,True,0,3,0,0,1,0,0,0,1,0
620,2,0,0,False,1,1,1,0,0,0,0,0,1,0
621,3,1,0,False,1,1,1,0,0,0,0,0,0,1
622,1,1,0,True,3,3,1,0,0,0,0,0,1,0
623,3,1,1,False,0,2,1,0,0,0,0,0,0,1
624,3,0,0,False,0,0,1,0,0,0,0,0,1,0
625,3,0,0,False,0,2,1,0,0,0,0,0,1,0
626,1,0,0,True,3,3,1,0,0,0,0,0,1,0
627,2,0,0,False,3,1,0,0,0,0,1,1,0,0
628,1,0,0,True,0,3,0,0,1,0,0,0,1,0
629,3,0,0,False,1,0,1,0,0,0,0,0,1,0
630,3,0,0,False,1,0,1,0,0,0,0,1,0,0
631,1,0,0,True,3,2,1,0,0,0,0,0,1,0
632,3,0,0,False,3,0,1,0,0,0,0,0,1,0
633,1,0,0,True,2,2,0,0,0,0,1,0,0,1
634,1,0,0,False,1,0,1,0,0,0,0,0,1,0
635,3,3,2,False,0,2,0,0,1,0,0,0,1,0
636,2,0,0,False,1,1,0,0,1,0,0,0,1,0
637,3,0,0,False,2,1,1,0,0,0,0,0,1,0
638,2,1,1,False,2,2,1,0,0,0,0,0,1,0
639,3,0,5,False,3,3,0,1,0,0,0,0,1,0
640,3,1,0,False,1,2,1,0,0,0,0,0,1,0
641,3,0,0,False,0,0,1,0,0,0,0,0,1,0
642,1,0,0,True,1,3,0,0,1,0,0,0,0,1
643,3,3,2,False,0,2,0,0,1,0,0,0,1,0
644,3,0,0,False,1,3,1,0,0,0,0,0,1,0
645,3,2,1,False,0,2,0,0,1,0,0,0,0,1
646,1,1,0,True,3,3,1,0,0,0,0,0,0,1
647,3,0,0,False,0,0,1,0,0,0,0,0,1,0
648,1,0,0,True,3,3,0,0,0,0,1,0,0,1
649,3,0,0,False,1,0,1,0,0,0,0,0,1,0
650,3,0,0,False,1,0,0,0,1,0,0,0,1,0
651,3,0,0,False,1,0,1,0,0,0,0,0,1,0
652,2,0,1,False,0,2,0,0,1,0,0,0,1,0
653,3,0,0,False,0,1,1,0,0,0,0,0,1,0
654,3,0,0,False,1,0,0,0,1,0,0,1,0,0
655,3,0,0,False,0,0,0,0,1,0,0,1,0,0
656,2,2,0,False,1,3,1,0,0,0,0,0,1,0
657,3,0,0,False,1,0,1,0,0,0,0,0,1,0
658,3,1,1,False,2,2,0,1,0,0,0,1,0,0
659,2,0,0,False,1,1,1,0,0,0,0,0,1,0
660,1,0,2,True,3,3,1,0,0,0,0,0,0,1
661,1,2,0,False,3,3,0,0,0,0,1,0,1,0
662,3,0,0,False,3,0,1,0,0,0,0,0,0,1
663,1,0,0,True,3,2,1,0,0,0,0,0,1,0
664,3,0,0,False,3,0,1,0,0,0,0,0,1,0
665,3,1,0,False,0,1,1,0,0,0,0,0,1,0
666,2,2,0,False,2,3,1,0,0,0,0,0,1,0
667,2,0,0,False,1,1,1,0,0,0,0,0,1,0
668,3,0,0,False,1,0,1,0,0,0,0,0,1,0
669,3,0,0,False,3,1,1,0,0,0,0,0,1,0
670,1,1,0,True,1,3,0,1,0,0,0,0,1,0
671,2,1,1,False,3,3,0,1,0,0,0,0,1,0
672,1,1,0,True,2,3,1,0,0,0,0,0,1,0
673,2,0,0,False,3,1,1,0,0,0,0,0,1,0
674,2,0,0,False,2,1,1,0,0,0,0,0,1,0
675,2,0,0,False,1,0,1,0,0,0,0,0,1,0
676,3,0,0,False,0,0,1,0,0,0,0,0,1,0
677,3,0,0,False,1,1,1,0,0,0,0,0,1,0
678,3,0,0,False,0,1,0,0,1,0,0,0,1,0
679,3,1,6,False,3,3,0,1,0,0,0,0,1,0
680,1,0,1,True,3,3,1,0,0,0,0,0,0,1
681,3,0,0,False,1,1,0,0,1,0,0,1,0,0
682,1,0,0,True,1,3,1,0,0,0,0,0,0,1
683,3,0,0,False,0,1,1,0,0,0,0,0,1,0
684,3,5,2,False,0,3,1,0,0,0,0,0,1,0
685,2,1,1,False,3,3,1,0,0,0,0,0,1,0
686,2,1,2,False,1,3,1,0,0,0,0,0,0,1
687,3,4,1,False,0,3,1,0,0,0,0,0,1,0
688,3,0,0,False,0,1,1,0,0,0,0,0,1,0
689,3,0,0,False,0,0,1,0,0,0,0,0,1,0
690,1,0,1,True,0,3,0,0,1,0,0,0,1,0
691,1,1,0,True,2,3,1,0,0,0,0,0,1,0
692,3,0,1,False,0,1,0,0,1,0,0,0,0,1
693,3,0,0,False,1,3,1,0,0,0,0,0,1,0
694,3,0,0,False,1,0,1,0,0,0,0,0,0,1
695,1,0,0,False,3,2,0,0,0,0,1,0,1,0
696,2,0,0,False,3,1,1,0,0,0,0,0,1,0
697,3,0,0,False,3,1,1,0,0,0,0,0,1,0
698,3,0,0,False,1,0,0,0,1,0,0,1,0,0
699,1,1,1,True,3,3,1,0,0,0,0,0,0,1
700,3,0,0,True,3,0,1,0,0,0,0,0,1,0
701,1,1,0,True,0,3,0,1,0,0,0,0,0,1
702,1,0,0,True,2,2,1,0,0,0,0,0,1,0
703,3,0,1,False,0,1,0,0,1,0,0,0,0,1
704,3,0,0,False,1,0,1,0,0,0,0,1,0,0
705,3,1,0,False,1,0,1,0,0,0,0,0,1,0
706,2,0,0,False,3,2,1,0,0,0,0,0,1,0
707,2,0,0,False,3,1,0,1,0,0,0,0,1,0
708,1,0,0,True,3,2,1,0,0,0,0,0,1,0
709,1,0,0,False,0,3,0,0,1,0,0,0,1,0
710,3,1,1,False,1,2,0,0,0,1,0,0,0,1
711,1,0,0,True,1,3,0,0,1,0,0,0,0,1
712,1,0,0,True,1,2,1,0,0,0,0,0,1,0
713,1,1,0,True,3,3,1,0,0,0,0,0,1,0
714,3,0,0,False,2,1,1,0,0,0,0,0,1,0
715,2,0,0,False,3,1,1,0,0,0,0,0,1,0
716,3,0,0,True,0,0,1,0,0,0,0,0,1,0
717,1,0,0,True,3,3,0,0,1,0,0,0,0,1
718,2,0,0,True,1,1,0,0,1,0,0,0,1,0
719,3,0,0,False,1,2,1,0,0,0,0,1,0,0
720,3,0,0,False,2,0,1,0,0,0,0,0,1,0
721,2,0,1,False,0,3,0,0,1,0,0,0,1,0
722,3,1,0,False,0,0,1,0,0,0,0,0,1,0
723,2,0,0,False,2,1,1,0,0,0,0,0,1,0
724,2,0,0,False,3,1,1,0,0,0,0,0,1,0
725,1,1,0,True,1,3,1,0,0,0,0,0,1,0
726,3,0,0,False,0,1,1,0,0,0,0,0,1,0
727,2,3,0,False,2,2,0,1,0,0,0,0,1,0
728,3,0,0,False,1,0,0,0,1,0,0,1,0,0
729,2,1,0,False,1,2,1,0,0,0,0,0,1,0
730,3,1,0,False,1,1,0,0,1,0,0,0,1,0
731,1,0,0,True,2,3,0,0,1,0,0,0,1,0
732,3,0,0,False,0,2,1,0,0,0,0,0,0,1
733,2,0,0,False,1,0,1,0,0,0,0,0,1,0
734,2,0,0,False,1,1,1,0,0,0,0,0,1,0
735,2,0,0,False,1,1,1,0,0,0,0,0,1,0
736,3,0,0,False,2,2,1,0,0,0,0,0,1,0
737,3,1,3,False,3,3,0,1,0,0,0,0,1,0
738,1,0,0,True,2,3,1,0,0,0,0,0,0,1
739,3,0,0,False,1,0,1,0,0,0,0,0,1,0
740,3,0,0,False,1,0,1,0,0,0,0,0,1,0
741,1,0,0,True,1,2,1,0,0,0,0,0,1,0
742,1,1,0,True,3,3,1,0,0,0,0,0,1,0
743,1,2,2,True,0,3,0,0,1,0,0,0,0,1
744,3,1,0,False,1,2,1,0,0,0,0,0,1,0
745,3,0,0,False,2,1,1,0,0,0,0,0,1,0
746,1,1,1,True,3,3,0,0,0,0,1,0,1,0
747,3,1,1,False,0,2,1,0,0,0,0,0,1,0
748,2,0,0,False,2,1,0,0,1,0,0,0,1,0
749,1,1,0,True,0,3,1,0,0,0,0,0,1,0
750,3,0,0,False,2,0,1,0,0,0,0,1,0,0
751,2,1,1,False,0,2,0,0,1,0,0,0,1,0
752,3,0,1,True,0,1,0,0,0,1,0,0,1,0
753,3,0,0,False,2,1,1,0,0,0,0,0,1,0
754,3,0,0,False,1,0,1,0,0,0,0,0,1,0
755,2,1,2,False,3,3,0,1,0,0,0,0,1,0
756,2,1,1,False,0,2,0,0,0,1,0,0,1,0
757,3,0,0,False,1,0,1,0,0,0,0,0,1,0
758,2,0,0,False,0,1,1,0,0,0,0,0,1,0
759,3,0,0,False,2,1,1,0,0,0,0,0,1,0
760,1,0,0,True,2,3,0,0,0,0,1,0,1,0
761,3,0,0,False,1,2,1,0,0,0,0,0,1,0
762,3,0,0,False,3,0,1,0,0,0,0,0,1,0
763,3,0,0,False,0,0,1,0,0,0,0,0,0,1
764,1,1,2,True,3,3,0,1,0,0,0,0,1,0
765,3,0,0,False,0,0,1,0,0,0,0,0,1,0
766,1,1,0,True,3,3,0,1,0,0,0,0,1,0
767,1,0,0,False,1,3,0,0,0,0,1,0,0,1
768,3,0,0,False,2,0,0,0,1,0,0,1,0,0
769,3,1,0,False,1,2,1,0,0,0,0,1,0,0
770,3,0,0,False,2,1,1,0,0,0,0,0,1,0
771,3,0,0,False,1,1,1,0,0,0,0,0,1,0
772,3,0,0,False,3,0,1,0,0,0,0,0,1,0
773,2,0,0,True,3,1,0,1,0,0,0,0,1,0
774,3,0,0,False,1,0,1,0,0,0,0,0,0,1
775,2,1,3,False,3,2,0,1,0,0,0,0,1,0
776,3,0,0,False,0,0,1,0,0,0,0,0,1,0
777,3,0,0,True,1,0,1,0,0,0,0,1,0,0
778,3,0,0,False,0,1,0,0,1,0,0,0,1,0
779,3,0,0,False,1,0,1,0,0,0,0,1,0,0
780,1,0,1,True,3,3,0,1,0,0,0,0,1,0
781,3,0,0,False,0,0,0,0,1,0,0,0,0,1
782,1,1,0,True,0,3,0,1,0,0,0,0,1,0
783,1,0,0,True,2,2,1,0,0,0,0,0,1,0
784,3,1,2,False,1,2,1,0,0,0,0,0,1,0
785,3,0,0,False,1,0,1,0,0,0,0,0,1,0
786,3,0,0,False,1,0,1,0,0,0,0,0,1,0
787,3,0,0,False,0,0,0,0,1,0,0,0,1,0
788,3,4,1,False,0,2,0,0,0,1,0,1,0,0
789,3,1,2,False,0,2,0,0,0,1,0,0,1,0
790,1,0,0,True,3,3,1,0,0,0,0,0,0,1
791,3,0,0,False,1,0,1,0,0,0,0,1,0,0
792,2,0,0,False,0,2,1,0,0,0,0,0,1,0
793,3,8,2,False,1,3,0,0,1,0,0,0,1,0
794,1,0,0,False,1,2,1,0,0,0,0,0,0,1
795,3,0,0,False,1,0,1,0,0,0,0,0,1,0
796,2,0,0,False,3,1,1,0,0,0,0,0,1,0
797,1,0,0,True,3,2,0,0,0,0,1,0,1,0
798,3,0,0,False,2,1,0,1,0,0,0,0,1,0
799,3,0,0,False,2,0,1,0,0,0,0,0,0,1
800,3,1,1,False,2,2,0,1,0,0,0,0,1,0
801,2,0,0,False,2,1,1,0,0,0,0,0,1,0
802,2,1,1,False,2,2,0,1,0,0,0,0,1,0
803,1,1,2,True,0,3,0,0,0,1,0,0,1,0
804,3,0,1,False,0,1,0,0,0,1,0,0,0,1
805,3,0,0,False,1,0,1,0,0,0,0,0,1,0
806,3,0,0,False,2,0,1,0,0,0,0,0,1,0
807,1,0,0,True,3,0,1,0,0,0,0,0,1,0
808,3,0,0,False,0,0,0,0,1,0,0,0,1,0
809,2,0,0,False,3,1,1,0,0,0,0,0,1,0
810,1,1,0,True,2,3,0,1,0,0,0,0,1,0
811,3,0,0,False,1,0,1,0,0,0,0,0,1,0
812,3,0,0,False,3,2,1,0,0,0,0,0,1,0
813,2,0,0,False,2,1,1,0,0,0,0,0,1,0
814,3,4,2,False,0,2,0,0,1,0,0,0,1,0
815,3,0,0,False,2,1,1,0,0,0,0,0,1,0
816,1,0,0,True,1,0,1,0,0,0,0,0,1,0
817,3,0,0,False,1,1,0,0,1,0,0,0,1,0
818,2,1,1,False,2,3,1,0,0,0,0,0,0,1
819,3,0,0,False,3,0,1,0,0,0,0,0,1,0
820,3,3,2,False,0,2,0,0,0,1,0,0,1,0
821,1,1,1,True,3,3,0,1,0,0,0,0,1,0
822,3,0,0,False,1,1,1,0,0,0,0,0,1,0
823,1,0,0,False,3,0,0,0,0,0,1,0,1,0
824,3,0,1,True,1,1,0,1,0,0,0,0,1,0
825,3,4,1,False,0,3,0,0,0,1,0,0,1,0
826,3,0,0,False,1,0,1,0,0,0,0,1,0,0
827,3,0,0,False,1,3,1,0,0,0,0,0,1,0
828,2,0,2,False,0,3,0,0,0,1,0,0,0,1
829,3,0,0,False,1,0,1,0,0,0,0,1,0,0
830,1,0,0,True,3,3,0,1,0,0,0,0,1,0
831,3,1,0,False,0,1,0,1,0,0,0,0,0,1
832,2,1,1,False,0,2,0,0,0,1,0,0,1,0
833,3,0,0,False,1,0,1,0,0,0,0,0,0,1
834,3,0,0,False,1,0,1,0,0,0,0,0,1,0
835,3,0,0,False,0,1,1,0,0,0,0,0,1,0
836,1,1,1,True,3,3,0,0,1,0,0,0,0,1
837,3,0,0,False,0,1,1,0,0,0,0,0,1,0
838,3,0,0,False,1,1,1,0,0,0,0,0,1,0
839,3,0,0,False,2,3,1,0,0,0,0,0,1,0
840,1,0,0,True,1,2,1,0,0,0,0,0,0,1
841,3,0,0,False,0,1,1,0,0,0,0,0,1,0
842,2,0,0,False,0,1,1,0,0,0,0,0,1,0
843,1,0,0,False,2,2,0,0,1,0,0,0,0,1
844,3,0,0,False,2,0,1,0,0,0,0,0,0,1
845,3,0,0,False,0,1,1,0,0,0,0,0,1,0
846,3,0,0,False,3,0,1,0,0,0,0,0,1,0
847,3,8,2,False,1,3,1,0,0,0,0,0,1,0
848,3,0,0,False,2,0,1,0,0,0,0,0,0,1
849,2,0,1,False,1,3,0,0,0,0,1,0,1,0
850,1,1,0,True,1,3,0,1,0,0,0,0,0,1
851,3,4,2,False,0,2,0,0,0,1,0,0,1,0
852,3,0,0,False,3,0,1,0,0,0,0,0,1,0
853,3,1,1,False,0,2,0,0,1,0,0,0,0,1
854,1,0,1,True,0,3,0,0,1,0,0,0,1,0
855,2,1,0,False,3,2,0,1,0,0,0,0,1,0
856,3,0,1,False,0,1,0,1,0,0,0,0,1,0
857,1,1,1,False,3,3,0,1,0,0,0,0,1,0
858,1,0,0,True,3,2,1,0,0,0,0,0,1,0
859,3,0,3,False,1,2,0,1,0,0,0,0,0,1
860,3,0,0,False,1,0,1,0,0,0,0,0,0,1
861,3,2,0,False,3,1,1,0,0,0,0,0,1,0
862,2,1,0,False,0,1,1,0,0,0,0,0,1,0
863,1,0,0,True,3,2,0,1,0,0,0,0,1,0
864,3,8,2,False,1,3,0,0,1,0,0,0,1,0
865,2,0,0,False,1,1,1,0,0,0,0,0,1,0
866,2,0,0,False,3,1,0,1,0,0,0,0,1,0
867,2,1,0,False,1,1,0,0,1,0,0,0,0,1
868,1,0,0,True,2,3,1,0,0,0,0,0,1,0
869,3,0,0,False,1,1,1,0,0,0,0,0,1,0
870,3,1,1,False,0,1,0,0,0,1,0,0,1,0
871,3,0,0,False,1,0,1,0,0,0,0,0,1,0
872,1,1,1,True,3,3,0,1,0,0,0,0,1,0
873,1,0,0,True,2,0,1,0,0,0,0,0,1,0
874,3,0,0,False,3,1,1,0,0,0,0,0,1,0
875,2,1,0,False,1,2,0,1,0,0,0,0,0,1
876,3,0,0,False,0,0,0,0,1,0,0,0,0,1
877,3,0,0,False,0,1,1,0,0,0,0,0,1,0
878,3,0,0,False,0,0,1,0,0,0,0,0,1,0
879,3,0,0,False,1,0,1,0,0,0,0,0,1,0
880,1,0,1,True,3,3,0,1,0,0,0,0,0,1
881,2,0,1,False,1,2,0,1,0,0,0,0,1,0
882,3,0,0,False,2,0,1,0,0,0,0,0,1,0
883,3,0,0,False,0,1,0,0,1,0,0,0,1,0
884,2,0,0,False,1,1,1,0,0,0,0,0,1,0
885,3,0,0,False,1,0,1,0,0,0,0,0,1,0
886,3,0,5,False,3,2,0,1,0,0,0,1,0,0
887,2,0,0,False,1,1,0,0,0,0,1,0,1,0
888,1,0,0,True,0,2,0,0,1,0,0,0,1,0
889,3,1,2,False,1,2,0,0,1,0,0,0,1,0
890,1,0,0,True,1,2,1,0,0,0,0,0,0,1
891,3,0,0,False,2,0,1,0,0,0,0,1,0,0
892,3,0,0,False,2,0,1,0,0,0,0,1,0,0
893,3,1,0,False,3,0,0,1,0,0,0,0,1,0
894,2,0,0,False,3,1,1,0,0,0,0,1,0,0
895,3,0,0,False,1,1,1,0,0,0,0,0,1,0
896,3,1,1,False,0,1,0,1,0,0,0,0,1,0
897,3,0,0,False,0,1,1,0,0,0,0,0,1,0
898,3,0,0,False,2,0,0,0,1,0,0,1,0,0
899,2,1,1,False,1,2,1,0,0,0,0,0,1,0
900,3,0,0,False,0,0,0,1,0,0,0,0,0,1
901,3,2,0,False,0,2,1,0,0,0,0,0,1,0
902,3,0,0,False,1,0,1,0,0,0,0,0,1,0
903,1,0,0,False,3,2,1,0,0,0,0,0,1,0
904,1,1,0,True,1,3,0,1,0,0,0,0,1,0
905,2,1,0,False,3,2,1,0,0,0,0,0,1,0
906,1,1,0,True,3,3,0,1,0,0,0,0,1,0
907,2,1,0,False,1,2,0,1,0,0,0,0,0,1
908,2,0,0,False,2,1,1,0,0,0,0,1,0,0
909,3,0,0,False,0,0,1,0,0,0,0,0,0,1
910,3,1,0,False,1,1,0,0,1,0,0,0,1,0
911,3,0,0,False,3,0,0,1,0,0,0,0,0,1
912,1,1,0,False,3,3,1,0,0,0,0,0,0,1
913,3,0,1,False,0,0,0,0,0,1,0,0,1,0
914,1,0,0,False,1,3,0,1,0,0,0,0,1,0
915,1,0,1,False,0,3,1,0,0,0,0,0,0,1
916,1,1,3,True,3,3,0,1,0,0,0,0,0,1
917,3,1,0,False,3,2,1,0,0,0,0,0,1,0
918,1,0,1,True,0,3,0,0,1,0,0,0,0,1
919,3,0,0,False,1,0,1,0,0,0,0,0,0,1
920,1,0,0,True,3,2,1,0,0,0,0,0,1,0
921,3,2,0,False,1,2,1,0,0,0,0,0,0,1
922,2,1,0,False,3,2,1,0,0,0,0,0,1,0
923,2,2,0,False,1,3,1,0,0,0,0,0,1,0
924,3,1,2,False,2,2,0,1,0,0,0,0,1,0
925,3,1,2,False,1,2,0,1,0,0,0,0,1,0
926,1,1,0,True,2,3,1,0,0,0,0,0,0,1
927,3,0,0,False,0,0,1,0,0,0,0,0,0,1
928,3,0,0,False,1,1,0,0,1,0,0,0,1,0
929,3,0,0,False,0,1,0,0,1,0,0,0,1,0
930,3,0,0,False,1,1,1,0,0,0,0,0,1,0
931,3,0,0,False,1,3,1,0,0,0,0,0,1,0
932,3,0,1,False,3,1,1,0,0,0,0,0,0,1
933,1,0,0,True,1,2,1,0,0,0,0,0,1,0
934,3,0,0,False,3,0,1,0,0,0,0,0,1,0
935,2,0,0,False,2,1,0,1,0,0,0,0,1,0
936,1,1,0,True,3,3,0,1,0,0,0,0,1,0
937,3,0,0,False,1,1,1,0,0,0,0,0,1,0
938,1,0,0,True,3,2,1,0,0,0,0,0,0,1
939,3,0,0,False,1,0,1,0,0,0,0,1,0,0
940,1,0,0,True,3,3,0,1,0,0,0,0,0,1
941,3,0,2,False,3,2,0,1,0,0,0,0,1,0
942,1,1,0,True,1,3,1,0,0,0,0,0,1,0
943,2,0,0,False,1,2,1,0,0,0,0,0,0,1
944,2,2,1,False,0,2,0,0,1,0,0,0,1,0
945,1,3,2,True,1,3,0,0,1,0,0,0,1,0
946,2,0,0,False,1,2,1,0,0,0,0,0,0,1
947,3,4,1,False,0,2,0,0,0,1,0,1,0,0
948,3,0,0,False,2,0,1,0,0,0,0,0,1,0
949,3,0,0,True,1,0,1,0,0,0,0,0,1,0
950,3,1,0,False,1,2,1,0,0,0,0,0,1,0
951,1,0,0,True,3,3,0,0,1,0,0,0,0,1
952,3,0,0,False,0,0,1,0,0,0,0,0,1,0
953,2,0,0,False,2,1,1,0,0,0,0,0,1,0
954,3,0,0,False,0,0,1,0,0,0,0,0,1,0
955,3,0,0,False,0,0,0,0,1,0,0,1,0,0
956,1,2,2,True,0,3,0,0,0,1,0,0,0,1
957,2,0,0,False,1,2,0,1,0,0,0,0,1,0
958,3,0,0,False,0,0,0,0,1,0,0,1,0,0
959,1,0,0,False,3,3,1,0,0,0,0,0,1,0
960,1,0,0,True,2,2,1,0,0,0,0,0,0,1
961,1,1,4,True,3,3,0,1,0,0,0,0,1,0
962,3,0,0,False,1,0,0,0,1,0,0,1,0,0
963,3,0,0,False,0,0,1,0,0,0,0,0,1,0
964,3,0,0,False,2,1,0,0,1,0,0,0,1,0
965,1,0,0,True,2,2,1,0,0,0,0,0,0,1
966,1,0,0,True,2,3,0,0,1,0,0,0,0,1
967,1,0,0,True,2,3,1,0,0,0,0,0,0,1
968,3,0,0,False,1,1,1,0,0,0,0,0,1,0
969,1,2,0,True,3,2,0,1,0,0,0,0,1,0
970,2,0,0,False,2,1,1,0,0,0,0,0,1,0
971,3,0,0,False,1,0,0,0,1,0,0,1,0,0
972,3,1,1,False,0,2,0,0,0,1,0,0,0,1
973,1,1,0,True,3,3,1,0,0,0,0,0,1,0
974,1,0,0,False,3,2,1,0,0,0,0,0,1,0
975,3,0,0,False,1,0,1,0,0,0,0,0,1,0
976,2,0,0,False,1,1,1,0,0,0,0,1,0,0
977,3,1,0,False,1,1,1,0,0,0,0,0,0,1
978,3,0,0,False,1,0,0,0,1,0,0,1,0,0
979,3,0,0,False,0,1,0,0,1,0,0,0,1,0
980,3,0,0,False,1,0,0,0,1,0,0,1,0,0
981,2,1,1,False,0,2,0,0,0,1,0,0,1,0
982,3,1,0,False,0,1,0,1,0,0,0,0,1,0
983,3,0,0,False,1,0,1,0,0,0,0,0,1,0
984,1,1,2,True,1,3,0,1,0,0,0,0,1,0
985,3,0,0,False,1,1,1,0,0,0,0,0,1,0
986,1,0,0,False,1,2,1,0,0,0,0,0,0,1
987,3,0,0,False,1,0,1,0,0,0,0,0,1,0
988,1,1,0,True,3,3,0,1,0,0,0,0,1,0
989,3,0,0,False,2,1,1,0,0,0,0,0,1,0
990,3,0,0,False,0,0,0,0,1,0,0,0,1,0
991,3,0,0,False,2,1,1,0,0,0,0,0,1,0
992,1,1,0,True,3,3,0,1,0,0,0,0,0,1
993,2,1,0,False,1,2,1,0,0,0,0,0,1,0
994,3,0,0,False,1,0,1,0,0,0,0,1,0,0
995,3,0,0,False,1,0,1,0,0,0,0,0,1,0
996,3,1,1,False,0,1,0,1,0,0,0,0,0,1
997,3,0,0,False,1,2,1,0,0,0,0,0,1,0
998,3,0,0,False,0,0,1,0,0,0,0,1,0,0
999,3,0,0,False,1,0,1,0,0,0,0,1,0,0
1000,3,0,0,False,1,1,1,0,0,0,0,0,1,0
1001,2,0,0,True,0,1,1,0,0,0,0,0,1,0
1002,2,0,0,False,3,2,1,0,0,0,0,0,0,1
1003,3,0,0,False,1,0,0,0,1,0,0,1,0,0
1004,1,0,0,True,3,3,0,0,1,0,0,0,0,1
1005,3,0,0,False,0,0,0,0,1,0,0,1,0,0
1006,1,1,0,True,3,3,0,1,0,0,0,0,1,0
1007,3,1,0,False,0,1,1,0,0,0,0,0,0,1
1008,3,0,0,False,1,0,1,0,0,0,0,0,0,1
1009,3,1,1,True,0,2,0,0,1,0,0,0,1,0
1010,1,0,0,True,3,3,1,0,0,0,0,0,0,1
1011,2,1,0,False,2,2,0,1,0,0,0,0,1,0
1012,2,0,0,False,0,2,0,0,1,0,0,0,1,0
1013,3,1,0,False,1,0,1,0,0,0,0,1,0,0
1014,1,1,0,True,2,3,0,1,0,0,0,0,0,1
1015,3,0,0,False,1,0,1,0,0,0,0,0,1,0
1016,3,0,0,False,1,0,1,0,0,0,0,1,0,0
1017,3,0,1,False,0,2,0,0,1,0,0,0,1,0
1018,3,0,0,False,0,0,1,0,0,0,0,0,1,0
1019,3,2,0,False,1,2,0,0,1,0,0,1,0,0
1020,2,0,0,False,3,1,1,0,0,0,0,0,1,0
1021,3,0,0,False,1,1,1,0,0,0,0,0,1,0
1022,3,0,0,False,2,1,1,0,0,0,0,0,1,0
1023,1,0,0,True,3,2,0,0,0,0,1,0,0,1
1024,3,0,4,False,1,2,0,1,0,0,0,0,1,0
1025,3,1,0,False,1,0,1,0,0,0,0,0,0,1
1026,3,0,0,False,3,0,1,0,0,0,0,0,1,0
1027,3,0,0,False,1,0,1,0,0,0,0,0,1,0
1028,3,0,0,False,1,0,1,0,0,0,0,0,0,1
1029,2,0,0,False,1,1,1,0,0,0,0,0,1,0
1030,3,0,0,False,1,1,0,0,1,0,0,0,1,0
1031,3,1,6,False,3,3,1,0,0,0,0,0,1,0
1032,3,5,2,False,0,3,0,0,1,0,0,0,1,0
1033,1,0,0,False,2,3,0,0,1,0,0,0,1,0
1034,1,1,3,True,3,3,1,0,0,0,0,0,0,1
1035,2,0,0,False,1,2,1,0,0,0,0,0,1,0
1036,1,0,0,False,3,2,1,0,0,0,0,0,1,0
1037,3,3,0,False,2,2,1,0,0,0,0,0,1,0
1038,1,0,0,True,1,3,1,0,0,0,0,0,1,0
1039,3,0,0,False,0,1,1,0,0,0,0,0,1,0
1040,1,0,0,False,1,2,1,0,0,0,0,0,1,0
1041,2,1,1,False,2,2,0,0,0,0,1,0,1,0
1042,1,0,1,True,1,3,0,1,0,0,0,0,0,1
1043,3,0,0,False,1,0,1,0,0,0,0,0,0,1
1044,3,0,0,False,3,1,1,0,0,0,0,0,1,0
1045,3,0,2,False,3,1,0,1,0,0,0,0,1,0
1046,3,4,2,False,0,3,0,0,0,1,0,0,1,0
1047,3,0,0,False,1,0,1,0,0,0,0,0,1,0
1048,1,0,0,True,2,3,0,0,1,0,0,0,1,0
1049,3,0,0,False,1,0,0,0,1,0,0,0,1,0
1050,1,0,0,True,3,2,1,0,0,0,0,0,1,0
1051,3,0,2,False,1,1,0,1,0,0,0,0,1,0
1052,3,0,0,False,1,0,0,0,1,0,0,1,0,0
1053,3,1,1,False,0,2,0,0,0,1,0,0,0,1
1054,2,0,0,False,1,1,0,0,1,0,0,0,1,0
1055,3,0,0,False,1,0,1,0,0,0,0,0,1,0
1056,2,0,0,False,3,1,0,0,0,0,1,0,1,0
1057,3,1,1,False,1,2,0,1,0,0,0,0,1,0
1058,1,0,0,True,3,3,1,0,0,0,0,0,0,1
1059,3,2,2,False,0,3,1,0,0,0,0,0,1,0
1060,1,0,0,False,1,2,0,1,0,0,0,0,0,1
1061,3,0,0,False,0,1,0,0,1,0,0,0,1,0
1062,3,0,0,False,1,0,1,0,0,0,0,0,1,0
1063,3,0,0,False,1,0,1,0,0,0,0,0,0,1
1064,3,1,0,False,1,1,1,0,0,0,0,0,1,0
1065,3,0,0,False,1,0,1,0,0,0,0,0,0,1
1066,3,1,5,False,3,3,1,0,0,0,0,0,1,0
1067,2,0,2,False,0,3,0,0,1,0,0,0,1,0
1068,2,0,0,False,0,3,0,0,1,0,0,0,1,0
1069,1,1,0,True,3,3,1,0,0,0,0,0,0,1
1070,2,0,3,True,3,3,0,1,0,0,0,0,1,0
1071,1,0,2,True,3,3,0,1,0,0,0,0,0,1
1072,2,0,0,False,2,1,1,0,0,0,0,0,1,0
1073,1,1,1,True,3,3,1,0,0,0,0,0,0,1
1074,1,1,0,True,0,3,0,1,0,0,0,0,1,0
1075,3,0,0,False,1,0,1,0,0,0,0,1,0,0
1076,1,1,1,True,1,3,0,1,0,0,0,0,0,1
1077,2,0,0,False,3,2,1,0,0,0,0,0,1,0
1078,2,0,1,False,0,2,0,0,1,0,0,0,1,0
1079,3,2,0,False,0,1,1,0,0,0,0,0,1,0
1080,3,8,2,False,1,3,0,0,1,0,0,0,1,0
1081,2,0,0,False,3,1,1,0,0,0,0,0,1,0
1082,2,1,0,False,2,2,1,0,0,0,0,0,1,0
1083,1,0,0,False,1,2,1,0,0,0,0,0,1,0
1084,3,1,1,False,0,2,0,0,0,1,0,0,1,0
1085,2,0,0,False,3,1,1,0,0,0,0,1,0,0
1086,2,0,2,False,0,3,0,0,0,1,0,0,1,0
1087,3,0,0,False,2,0,1,0,0,0,0,0,1,0
1088,1,0,2,True,0,3,0,0,0,1,0,0,0,1
1089,3,0,0,False,0,0,0,0,1,0,0,0,1,0
1090,2,0,0,False,1,1,1,0,0,0,0,0,1,0
1091,3,0,0,False,1,1,0,1,0,0,0,0,1,0
1092,3,0,0,False,1,2,0,0,1,0,0,1,0,0
1093,3,0,2,False,0,1,0,0,0,1,0,0,1,0
1094,1,1,0,True,3,3,0,0,0,0,1,0,0,1
1095,2,1,1,False,0,2,0,0,1,0,0,0,1,0
1096,2,0,0,False,1,1,1,0,0,0,0,0,1,0
1097,1,0,0,False,1,2,1,0,0,0,0,0,0,1
1098,3,0,0,False,2,0,0,0,1,0,0,1,0,0
1099,2,0,0,False,1,1,1,0,0,0,0,0,1,0
1100,1,0,0,True,2,2,0,0,1,0,0,0,0,1
1101,3,0,0,False,1,0,1,0,0,0,0,0,1,0
1102,3,0,0,False,2,2,1,0,0,0,0,0,1,0
1103,3,0,0,False,1,0,1,0,0,0,0,0,1,0
1104,2,0,0,False,0,3,1,0,0,0,0,0,1,0
1105,2,1,0,False,3,2,0,1,0,0,0,0,1,0
1106,3,4,2,False,3,0,0,0,1,0,0,0,1,0
1107,1,0,0,True,3,3,1,0,0,0,0,0,1,0
1108,3,0,0,False,1,0,0,0,1,0,0,1,0,0
1109,1,1,1,False,3,3,1,0,0,0,0,0,1,0
1110,1,1,1,True,3,3,0,1,0,0,0,0,0,1
1111,3,0,0,False,1,1,1,0,0,0,0,0,1,0
1112,2,1,0,False,2,1,0,0,1,0,0,0,0,1
1113,3,0,0,False,0,1,1,0,0,0,0,0,1,0
1114,2,0,0,True,0,1,0,1,0,0,0,0,1,0
1115,3,0,0,False,0,0,1,0,0,0,0,0,1,0
1116,1,0,0,False,3,2,0,1,0,0,0,0,0,1
1117,3,0,2,False,1,2,0,1,0,0,0,0,0,1
1118,3,0,0,False,1,0,1,0,0,0,0,0,1,0
1119,3,0,0,False,1,0,0,0,1,0,0,1,0,0
1120,3,0,0,False,3,2,1,0,0,0,0,0,1,0
1121,2,0,0,False,3,1,1,0,0,0,0,0,1,0
1122,2,0,0,False,0,3,1,0,0,0,0,0,1,0
1123,1,0,0,False,0,2,0,0,1,0,0,0,1,0
1124,3,1,0,False,0,0,1,0,0,0,0,0,1,0
1125,3,0,0,False,1,0,1,0,0,0,0,1,0,0
1126,1,1,0,True,3,3,1,0,0,0,0,0,0,1
1127,3,0,0,False,0,0,1,0,0,0,0,0,1,0
1128,1,1,0,True,3,3,1,0,0,0,0,0,0,1
1129,3,0,0,False,0,0,1,0,0,0,0,0,0,1
1130,2,1,1,False,0,1,0,0,1,0,0,0,1,0
1131,1,1,0,True,3,3,0,1,0,0,0,0,0,1
1132,1,0,0,False,3,2,0,1,0,0,0,0,0,1
1133,2,0,2,False,3,2,0,1,0,0,0,0,1,0
1134,1,1,1,True,3,3,1,0,0,0,0,0,0,1
1135,3,0,0,False,1,0,1,0,0,0,0,0,1,0
1136,3,1,2,False,1,2,0,0,0,1,0,0,1,0
1137,1,1,0,True,3,3,1,0,0,0,0,0,1,0
1138,2,0,0,False,0,2,0,1,0,0,0,0,1,0
1139,2,1,1,False,3,3,1,0,0,0,0,0,1,0
1140,2,1,0,False,2,2,0,1,0,0,0,0,1,0
1141,3,1,0,False,1,1,0,1,0,0,0,0,0,1
1142,2,1,2,False,0,2,0,0,1,0,0,0,1,0
1143,3,0,0,False,0,1,1,0,0,0,0,0,1,0
1144,1,1,0,True,1,3,1,0,0,0,0,0,0,1
1145,3,0,0,False,1,1,1,0,0,0,0,0,1,0
1146,3,0,0,False,2,1,1,0,0,0,0,0,1,0
1147,3,0,0,False,1,0,1,0,0,0,0,0,1,0
1148,3,0,0,False,1,0,1,0,0,0,0,1,0,0
1149,3,0,0,False,1,1,1,0,0,0,0,0,1,0
1150,2,0,0,False,0,1,0,0,1,0,0,0,1,0
1151,3,0,0,False,0,0,1,0,0,0,0,0,1,0
1152,3,1,0,False,3,2,1,0,0,0,0,0,1,0
1153,3,0,0,False,0,0,1,0,0,0,0,0,1,0
1154,2,0,2,False,2,2,0,1,0,0,0,0,1,0
1155,3,1,1,False,0,1,0,0,1,0,0,0,1,0
1156,2,0,0,False,2,1,1,0,0,0,0,0,0,1
1157,3,0,0,False,1,0,1,0,0,0,0,0,1,0
1158,1,0,0,False,1,0,1,0,0,0,0,0,1,0
1159,3,0,0,False,1,0,1,0,0,0,0,0,1,0
1160,3,0,0,False,1,1,0,0,1,0,0,0,1,0
1161,3,0,0,False,0,1,1,0,0,0,0,0,1,0
1162,1,0,0,True,3,3,1,0,0,0,0,0,0,1
1163,3,0,0,False,1,0,1,0,0,0,0,1,0,0
1164,1,1,0,True,1,3,0,1,0,0,0,0,0,1
1165,3,1,0,False,1,2,0,0,1,0,0,1,0,0
1166,3,0,0,False,1,0,1,0,0,0,0,0,0,1
1167,2,1,0,False,0,2,0,0,1,0,0,0,1,0
1168,2,0,0,False,1,1,1,0,0,0,0,0,1,0
1169,2,1,0,False,3,2,1,0,0,0,0,0,1,0
1170,2,1,0,False,2,2,1,0,0,0,0,0,1,0
1171,2,0,0,False,0,1,1,0,0,0,0,0,1,0
1172,3,0,0,False,1,1,0,0,1,0,0,0,1,0
1173,3,1,1,False,0,1,0,0,0,1,0,0,1,0
1174,3,0,0,False,1,0,0,0,1,0,0,1,0,0
1175,3,1,1,False,0,2,0,0,1,0,0,0,0,1
1176,3,1,1,False,0,2,0,0,1,0,0,0,1,0
1177,3,0,0,False,3,0,1,0,0,0,0,0,1,0
1178,3,0,0,False,1,0,1,0,0,0,0,0,1,0
1179,1,1,0,True,1,3,1,0,0,0,0,0,1,0
1180,3,0,0,True,1,0,1,0,0,0,0,0,0,1
1181,3,0,0,False,1,1,1,0,0,0,0,0,1,0
1182,1,0,0,False,1,3,1,0,0,0,0,0,1,0
1183,3,0,0,False,2,0,0,0,1,0,0,1,0,0
1184,3,0,0,False,1,0,1,0,0,0,0,0,0,1
1185,1,1,1,True,3,3,0,0,0,0,1,0,1,0
1186,3,0,0,False,3,1,1,0,0,0,0,0,1,0
1187,3,0,0,False,1,0,1,0,0,0,0,0,1,0
1188,2,1,2,False,0,3,0,0,1,0,0,0,0,1
1189,3,2,0,False,1,2,1,0,0,0,0,0,0,1
1190,1,0,0,False,2,3,1,0,0,0,0,0,1,0
1191,3,0,0,False,2,0,1,0,0,0,0,0,1,0
1192,3,0,0,False,2,0,1,0,0,0,0,0,1,0
1193,2,0,0,True,1,2,1,0,0,0,0,0,0,1
1194,2,0,1,False,3,2,1,0,0,0,0,0,1,0
1195,3,0,0,False,1,1,1,0,0,0,0,0,1,0
1196,3,0,0,False,1,0,0,0,1,0,0,1,0,0
1197,1,1,1,True,3,2,0,1,0,0,0,0,1,0
1198,1,1,2,True,2,3,1,0,0,0,0,0,1,0
1199,3,0,1,False,0,1,0,0,0,1,0,0,1,0
1200,1,1,1,True,3,3,1,0,0,0,0,0,1,0
1201,3,1,0,False,3,1,0,1,0,0,0,0,1,0
1202,3,0,0,False,0,1,1,0,0,0,0,0,1,0
1203,3,0,0,False,0,0,1,0,0,0,0,0,0,1
1204,3,0,0,False,1,0,1,0,0,0,0,0,1,0
1205,3,0,0,False,3,0,0,0,1,0,0,1,0,0
1206,1,0,0,True,3,3,0,1,0,0,0,0,0,1
1207,3,0,0,False,0,0,0,0,1,0,0,1,0,0
1208,1,1,0,True,3,3,1,0,0,0,0,0,0,1
1209,2,0,0,False,0,1,1,0,0,0,0,0,1,0
1210,3,0,0,False,1,0,1,0,0,0,0,0,1,0
1211,2,2,0,False,0,3,1,0,0,0,0,0,1,0
1212,3,0,0,False,1,0,1,0,0,0,0,0,1,0
1213,3,0,0,True,1,0,1,0,0,0,0,0,0,1
1214,2,0,0,True,1,1,1,0,0,0,0,0,1,0
1215,1,0,0,False,2,2,1,0,0,0,0,0,1,0
1216,1,0,0,False,3,3,0,0,1,0,0,0,1,0
1217,3,0,0,False,1,0,1,0,0,0,0,0,1,0
1218,2,2,1,True,0,3,0,0,1,0,0,0,1,0
1219,1,0,0,False,3,3,1,0,0,0,0,0,0,1
1220,2,1,0,False,2,2,1,0,0,0,0,0,1,0
1221,2,0,0,False,0,1,1,0,0,0,0,0,1,0
1222,2,0,2,False,3,3,0,1,0,0,0,0,1,0
1223,1,0,0,True,3,2,1,0,0,0,0,0,0,1
1224,3,0,0,False,1,0,1,0,0,0,0,0,0,1
1225,3,1,1,False,0,2,0,1,0,0,0,0,0,1
1226,3,0,0,False,1,0,1,0,0,0,0,0,1,0
1227,1,0,0,True,2,2,1,0,0,0,0,0,1,0
1228,2,0,0,False,2,1,1,0,0,0,0,0,1,0
1229,3,0,2,False,3,0,1,0,0,0,0,0,0,1
1230,2,0,0,False,1,3,1,0,0,0,0,0,1,0
1231,3,0,0,False,1,0,0,0,0,1,0,0,0,1
1232,2,0,0,False,0,1,1,0,0,0,0,0,1,0
1233,3,0,0,False,2,0,1,0,0,0,0,0,1,0
1234,3,1,9,False,1,3,1,0,0,0,0,0,1,0
1235,1,0,1,True,3,3,0,1,0,0,0,0,0,1
1236,3,1,1,False,1,2,0,0,0,1,0,0,1,0
1237,3,0,0,False,0,0,0,0,1,0,0,0,1,0
1238,2,0,0,False,1,1,1,0,0,0,0,0,1,0
1239,3,0,0,False,3,0,0,1,0,0,0,0,0,1
1240,2,0,0,False,1,1,1,0,0,0,0,0,1,0
1241,2,0,0,False,2,2,0,0,1,0,0,0,1,0
1242,1,0,1,True,3,3,0,1,0,0,0,0,0,1
1243,2,0,0,False,1,1,1,0,0,0,0,0,1,0
1244,2,0,0,False,0,3,1,0,0,0,0,0,1,0
1245,2,1,2,False,3,3,1,0,0,0,0,0,1,0
1246,3,1,2,False,0,2,0,0,1,0,0,0,1,0
1247,1,0,0,True,3,2,1,0,0,0,0,0,1,0
1248,1,2,0,True,3,3,0,1,0,0,0,0,1,0
1249,3,0,0,False,1,0,1,0,0,0,0,0,1,0
1250,3,0,0,False,1,0,1,0,0,0,0,1,0,0
1251,3,1,0,False,2,2,0,1,0,0,0,0,1,0
1252,3,8,2,False,0,3,0,0,0,1,0,0,1,0
1253,2,1,1,False,1,3,0,1,0,0,0,0,0,1
1254,2,0,0,False,2,2,0,1,0,0,0,0,1,0
1255,3,0,0,False,1,1,1,0,0,0,0,0,1,0
1256,1,1,0,True,1,3,0,1,0,0,0,0,0,1
1257,3,1,9,False,1,3,0,1,0,0,0,0,1,0
1258,3,1,0,False,1,2,1,0,0,0,0,0,0,1
1259,3,0,0,False,0,3,0,0,1,0,0,0,1,0
1260,1,0,1,False,3,3,0,1,0,0,0,0,0,1
1261,2,0,0,False,2,1,1,0,0,0,0,0,0,1
1262,2,1,0,False,0,1,1,0,0,0,0,0,1,0
1263,1,0,0,True,2,3,0,0,1,0,0,0,0,1
1264,1,0,0,True,3,0,1,0,0,0,0,0,1,0
1265,2,0,0,False,3,1,1,0,0,0,0,0,1,0
1266,1,1,1,True,3,3,0,1,0,0,0,0,1,0
1267,1,0,0,False,3,3,0,0,1,0,0,0,0,1
1268,3,2,0,False,0,1,0,0,1,0,0,0,1,0
1269,2,0,0,False,0,1,1,0,0,0,0,0,1,0
1270,1,0,0,True,3,3,1,0,0,0,0,0,1,0
1271,3,4,2,False,0,3,0,0,0,1,0,0,1,0
1272,3,0,0,False,1,0,1,0,0,0,0,1,0,0
1273,3,0,0,False,1,0,1,0,0,0,0,1,0,0
1274,3,0,0,False,1,2,0,1,0,0,0,0,1,0
1275,3,1,0,False,0,2,0,1,0,0,0,0,1,0
1276,2,0,0,False,1,1,1,0,0,0,0,0,1,0
1277,2,1,2,False,1,3,0,0,1,0,0,0,1,0
1278,3,0,0,False,1,0,1,0,0,0,0,0,1,0
1279,2,0,0,False,3,1,1,0,0,0,0,0,1,0
1280,3,0,0,False,0,0,1,0,0,0,0,1,0,0
1281,3,3,1,False,0,2,0,0,0,1,0,0,1,0
1282,1,0,0,True,1,3,1,0,0,0,0,0,1,0
1283,1,0,1,True,3,3,0,1,0,0,0,0,1,0
1284,3,0,2,False,0,2,0,0,0,1,0,0,1,0
1285,2,0,0,False,3,1,1,0,0,0,0,0,1,0
1286,3,3,1,False,2,2,1,0,0,0,0,0,1,0
1287,1,1,0,True,0,3,0,1,0,0,0,0,1,0
1288,3,0,0,False,1,0,1,0,0,0,0,1,0,0
1289,1,1,1,True,3,3,0,1,0,0,0,0,0,1
1290,3,0,0,False,0,0,1,0,0,0,0,0,1,0
1291,3,0,0,False,2,0,1,0,0,0,0,1,0,0
1292,1,0,0,True,2,3,0,0,1,0,0,0,1,0
1293,2,1,0,False,3,2,1,0,0,0,0,0,1,0
1294,1,0,1,False,0,3,0,0,1,0,0,0,0,1
1295,1,0,0,False,0,3,1,0,0,0,0,0,1,0
1296,1,1,0,True,3,2,1,0,0,0,0,0,0,1
1297,2,0,0,True,0,1,1,0,0,0,0,0,0,1
1298,2,1,0,False,1,1,1,0,0,0,0,0,1,0
1299,1,1,1,True,3,3,1,0,0,0,0,0,0,1
1300,3,0,0,False,1,0,0,0,1,0,0,1,0,0
1301,3,1,1,False,0,1,0,0,1,0,0,0,1,0
1302,3,0,0,False,1,0,0,0,1,0,0,1,0,0
1303,1,1,0,True,3,3,0,1,0,0,0,1,0,0
1304,3,0,0,False,1,0,0,0,1,0,0,0,1,0
1305,3,0,0,False,1,1,1,0,0,0,0,0,1,0
1306,1,0,0,True,3,3,0,0,0,0,1,0,0,1
1307,3,0,0,False,3,0,1,0,0,0,0,0,1,0
1308,3,0,0,False,1,1,1,0,0,0,0,0,1,0
1309,3,1,1,False,1,2,0,0,0,1,0,0,0,1
